{
    "auth": {
        "enabled": true,
        "provider": [
            "App\\Modules\\Auth\\AuthServiceProvider"
        ],
        "name": "auth",
        "order": 0,
        "group": "app\/modules"
    },
    "attributes": {
        "enabled": true,
        "name": "attributes",
        "order": 0,
        "group": "app\/modules"
    },
    "dashboard": {
        "enabled": true,
        "name": "dashboard",
        "order": 0,
        "group": "app\/modules"
    },
    "calendar": {
        "enabled": true,
        "name": "calendar",
        "order": 0,
        "group": "app\/modules"
    },
    "setting": {
        "enabled": true,
        "provider": "App\\Modules\\Setting\\SettingServiceProvider",
        "name": "setting",
        "order": 0,
        "group": "app\/modules"
    },
    "project": {
        "enabled": true,
        "name": "project",
        "order": 0,
        "group": "app\/modules"
    },
    "user": {
        "enabled": true,
        "provider": [
            "App\\Modules\\User\\UserServiceProvider"
        ],
        "include": [
            "filters.php"
        ],
        "name": "user",
        "order": 0,
        "group": "app\/modules"
    },
    "presensi": {
        "enabled": true,
        "name": "presensi",
        "order": 0,
        "group": "app\/modules"
    },
    "payroll": {
        "enabled": true,
        "name": "payroll",
        "order": 0,
        "group": "app\/modules"
    }
}